Top pages,Clicks,Impressions,CTR,Position
https://ellaz.fun/games/minesweeper/,3,33,9.09%,21.91
https://ellaz.fun/,2,9,22.22%,19.67
https://www.ellaz.fun/,1,5,20%,2.2
https://ellaz.fun/en/world/,1,4,25%,13
https://ellaz.fun/es/games/fit/,1,1,100%,5
https://ellaz.fun/en/,0,18,0%,12.67
https://ellaz.fun/games/finddiff/,0,18,0%,18.17
https://ellaz.fun/games/memory/,0,15,0%,32.4
https://ellaz.fun/games/balloons/,0,14,0%,14.64
https://ellaz.fun/games/hidden/,0,12,0%,16.42
https://ellaz.fun/games/wordguess/,0,11,0%,29
https://ellaz.fun/games/coloring/,0,9,0%,52.56
https://ellaz.fun/games/music/,0,8,0%,22.12
https://ellaz.fun/he/games/balloons/,0,7,0%,7.57
https://ellaz.fun/he/games/finddiff/,0,7,0%,15
https://ellaz.fun/games/tictactoe/,0,6,0%,44.5
https://ellaz.fun/es/games/frog/,0,5,0%,8
https://ellaz.fun/games/snake/,0,4,0%,7.75
https://ellaz.fun/fr/games/evolve/,0,4,0%,8.25
https://ellaz.fun/games/bubbles/,0,4,0%,41.75
https://ellaz.fun/he/games/sort/,0,3,0%,4
https://ellaz.fun/he/games/merge/,0,3,0%,5
https://ellaz.fun/he/games/letters/,0,3,0%,8
https://ellaz.fun/en/boards/,0,3,0%,8.33
https://ellaz.fun/he/games/sequence/,0,3,0%,9.33
https://ellaz.fun/games/sortsize/,0,3,0%,23.33
https://ellaz.fun/es/games/wordguess/,0,3,0%,24
https://ellaz.fun/games/sudoku/,0,3,0%,25.67
https://ellaz.fun/games/shadows/,0,3,0%,34.67
https://ellaz.fun/en/games/minesweeper/,0,3,0%,47.33
https://ellaz.fun/games/math/,0,3,0%,55.67
https://ellaz.fun/games/vanish/,0,2,0%,3
https://ellaz.fun/games/bees/,0,2,0%,6.5
https://ellaz.fun/en/games/sudoku/,0,2,0%,7.5
https://ellaz.fun/en/games/sortsize/,0,2,0%,8
https://ellaz.fun/games/sort/,0,2,0%,40
https://ellaz.fun/en/games/tictactoe/,0,2,0%,41.5
https://ellaz.fun/en/games/math/,0,1,0%,2
https://ellaz.fun/fr/games/hidden/,0,1,0%,2
https://ellaz.fun/games/blocks/,0,1,0%,2
https://ellaz.fun/he/,0,1,0%,2
https://ellaz.fun/en/games/vanish/,0,1,0%,3
https://ellaz.fun/games/sequence/,0,1,0%,3
https://ellaz.fun/en/games/bubbles/,0,1,0%,5
https://ellaz.fun/en/games/balloons/,0,1,0%,6
https://ellaz.fun/he/games/pet/,0,1,0%,6
https://ellaz.fun/fr/games/pet/,0,1,0%,7
https://ellaz.fun/es/games/sort/,0,1,0%,8
https://ellaz.fun/en/games/hidden/,0,1,0%,9
https://ellaz.fun/games/reaction/,0,1,0%,9
https://ellaz.fun/es/,0,1,0%,10
https://ellaz.fun/es/games/sudoku/,0,1,0%,10
https://ellaz.fun/fr/games/blocks/,0,1,0%,10
https://ellaz.fun/games/evolve/,0,1,0%,10
https://ellaz.fun/en/games/echo/,0,1,0%,30
https://ellaz.fun/games/fit/,0,1,0%,58