Top queries,Clicks,Impressions,CTR,Position
ellaz,3,7,42.86%,8.43
מוקשים משחק,1,5,20%,12.4
מצא את ההבדלים,0,9,0%,23.44
שולה המוקשים,0,6,0%,32.67
משחקי זיכרון לילדים,0,5,0%,36.6
atrapa la rana,0,3,0%,8
שולה מוקשים,0,3,0%,39.67
הבדלים,0,2,0%,15
משחק שולה המוקשים ב google,0,2,0%,18
משחק בלונים,0,2,0%,23.5
זיכרון לילדים,0,2,0%,30.5
adivina la palabra,0,2,0%,31
שולה המוקשים משחק,0,2,0%,37.5
משחקי צביעה לילדים,0,2,0%,41
אפשר חשבון,0,2,0%,67.5
צביעה אונליין לילדים,0,2,0%,72
is there an online version,0,1,0%,1
jeu animaux,0,1,0%,5
find me the game,0,1,0%,9
פוצץ את הבלון,0,1,0%,10
ils sont gratuits?,0,1,0%,12
בלונים מתפוצצים משחק,0,1,0%,15
aukv vnueaho,0,1,0%,16
שולה המוקשים גוגל,0,1,0%,18
משחק בלונים לילדים,0,1,0%,19
match shadow,0,1,0%,24
מצא את ההבדלים לילדים,0,1,0%,25
מילה שלי משחק,0,1,0%,26
ניחוש מילה,0,1,0%,26
match the shadow,0,1,0%,27
game follow me,0,1,0%,30
משחק זיכרון במחשב לילדים,0,1,0%,30
אפשר חשבון הארץ,0,1,0%,32
בועות תרגום,0,1,0%,34
משחק זיכרון חורף,0,1,0%,43
הבדלון,0,1,0%,45
סודוקו אום אל פחם,0,1,0%,51
משחקי צביעה,0,1,0%,55
צביעה במחשב,0,1,0%,55
לצבוע,0,1,0%,56
tic tac toe vs computer,0,1,0%,59
לנחש מילה,0,1,0%,59
יאצי,0,1,0%,69
sort web,0,1,0%,70
תפוס תגזר,0,1,0%,71
משחק ניחוש מילים,0,1,0%,73
צביעה לילדים אונליין,0,1,0%,76
משחק זיכרון לילדים,0,1,0%,82
הבועות,0,1,0%,83
אלפז,0,1,0%,85
אי הכוכב,0,1,0%,90
חפשו אותי,0,1,0%,96